# Frame,Score
data/person/frame_0781.jpg,0.9927951
data/person/frame_1325.jpg,0.84553564
data/person/frame_0097.jpg,0.7262694
data/person/frame_0092.jpg,0.6739776
data/person/frame_0294.jpg,0.0
data/person/frame_0370.jpg,0.534127
data/person/frame_0115.jpg,0.51065814
data/person/frame_0546.jpg,0.571832
data/person/frame_1037.jpg,0.64509475
data/person/frame_1100.jpg,0.506341
data/person/frame_1077.jpg,0.6864905
data/person/frame_1332.jpg,0.82478
data/person/frame_0640.jpg,0.7113946
data/person/frame_0566.jpg,0.5342001
data/person/frame_1179.jpg,0.47411507
data/person/frame_0264.jpg,0.0
data/person/frame_0298.jpg,0.0
data/person/frame_0284.jpg,0.0
data/person/frame_0573.jpg,0.50237834
data/person/frame_0102.jpg,0.71313274
data/person/frame_0579.jpg,0.5831826
data/person/frame_0957.jpg,0.637112
data/person/frame_0104.jpg,0.7124998
data/person/frame_0369.jpg,0.61796194
data/person/frame_1006.jpg,0.5271026
data/person/frame_0397.jpg,0.49375722
data/person/frame_0854.jpg,0.95017207
data/person/frame_0382.jpg,0.55235296
data/person/frame_0347.jpg,0.0
data/person/frame_0086.jpg,0.69669896
data/person/frame_1113.jpg,0.54033154
data/person/frame_0817.jpg,0.9951682
data/person/frame_0403.jpg,0.42315242
data/person/frame_0807.jpg,0.9941298
data/person/frame_1159.jpg,0.47331515
data/person/frame_1265.jpg,0.6035841
data/person/frame_0831.jpg,0.99514645
data/person/frame_1026.jpg,0.558625
data/person/frame_0392.jpg,0.5576054
data/person/frame_1150.jpg,0.59360784
data/person/frame_0239.jpg,0.94242734
data/person/frame_1312.jpg,0.82286644
data/person/frame_0124.jpg,0.553146
data/person/frame_1175.jpg,0.5967764
data/person/frame_0233.jpg,0.84427524
data/person/frame_0995.jpg,0.58970195
data/person/frame_0748.jpg,0.79119444
data/person/frame_0171.jpg,0.6307306
data/person/frame_0829.jpg,0.9946587
data/person/frame_0412.jpg,0.3461346
data/person/frame_1348.jpg,0.917906
data/person/frame_0444.jpg,0.52184784
data/person/frame_0426.jpg,0.4221382
data/person/frame_0632.jpg,0.3567597
data/person/frame_0190.jpg,0.8944236
data/person/frame_0670.jpg,0.8692684
data/person/frame_0766.jpg,0.9929931
data/person/frame_1052.jpg,0.6699225
data/person/frame_0678.jpg,0.6966754
data/person/frame_0861.jpg,0.97611654
data/person/frame_1092.jpg,0.5815414
data/person/frame_0101.jpg,0.687343
data/person/frame_0095.jpg,0.7049111
data/person/frame_1194.jpg,0.54891366
data/person/frame_0835.jpg,0.99467254
data/person/frame_0619.jpg,0.74208105
data/person/frame_1255.jpg,0.31996846
data/person/frame_1134.jpg,0.42770362
data/person/frame_1297.jpg,0.75049317
data/person/frame_0429.jpg,0.34126735
data/person/frame_1351.jpg,0.9449282
data/person/frame_0246.jpg,0.38479882
data/person/frame_0568.jpg,0.5202544
data/person/frame_0508.jpg,0.67734224
data/person/frame_0138.jpg,0.57639176
data/person/frame_0065.jpg,0.65846467
data/person/frame_0269.jpg,0.0
data/person/frame_1269.jpg,0.69279176
data/person/frame_0296.jpg,0.0
data/person/frame_0107.jpg,0.65232897
data/person/frame_0090.jpg,0.6615171
data/person/frame_0820.jpg,0.9952222
data/person/frame_1304.jpg,0.74838674
data/person/frame_1246.jpg,0.8926867
data/person/frame_0834.jpg,0.9947952
data/person/frame_0571.jpg,0.5052712
data/person/frame_1008.jpg,0.57617927
data/person/frame_1041.jpg,0.6187809
data/person/frame_0825.jpg,0.9947318
data/person/frame_0984.jpg,0.60186815
data/person/frame_0953.jpg,0.48950857
data/person/frame_0366.jpg,0.55139565
data/person/frame_0112.jpg,0.5011457
data/person/frame_1353.jpg,0.80299735
data/person/frame_0305.jpg,0.0
data/person/frame_0950.jpg,0.48440078
data/person/frame_1355.jpg,0.5682164
data/person/frame_0824.jpg,0.99473095
data/person/frame_0083.jpg,0.7580018
data/person/frame_1174.jpg,0.4985962
data/person/frame_0970.jpg,0.5040065
data/person/frame_0572.jpg,0.5072255
data/person/frame_0770.jpg,0.9941547
data/person/frame_0963.jpg,0.52400285
data/person/frame_1321.jpg,0.8185644
data/person/frame_0558.jpg,0.6129061
data/person/frame_0351.jpg,0.0
data/person/frame_0372.jpg,0.5262256
data/person/frame_1314.jpg,0.8044802
data/person/frame_0193.jpg,0.5559213
data/person/frame_0974.jpg,0.51722956
data/person/frame_1032.jpg,0.6655382
data/person/frame_0282.jpg,0.0
data/person/frame_0356.jpg,0.33744982
data/person/frame_0524.jpg,0.5939358
data/person/frame_0782.jpg,0.99286044
data/person/frame_0285.jpg,0.0
data/person/frame_1178.jpg,0.0
data/person/frame_0417.jpg,0.35377112
data/person/frame_0691.jpg,0.89969057
data/person/frame_0405.jpg,0.3888324
data/person/frame_1245.jpg,0.8543896
data/person/frame_0437.jpg,0.977432
data/person/frame_0668.jpg,0.81586826
data/person/frame_1108.jpg,0.44400543
data/person/frame_0576.jpg,0.5025474
data/person/frame_0593.jpg,0.54878926
data/person/frame_1296.jpg,0.74177665
data/person/frame_1171.jpg,0.5081365
data/person/frame_0777.jpg,0.99347377
data/person/frame_1345.jpg,0.9596667
data/person/frame_0145.jpg,0.62740326
data/person/frame_0340.jpg,0.0
data/person/frame_0543.jpg,0.64463735
data/person/frame_0596.jpg,0.7118908
data/person/frame_0151.jpg,0.67242
data/person/frame_0068.jpg,0.8511771
data/person/frame_1135.jpg,0.45149818
data/person/frame_0381.jpg,0.49640495
data/person/frame_0160.jpg,0.64264566
data/person/frame_0775.jpg,0.9929583
data/person/frame_0506.jpg,0.70533663
data/person/frame_0804.jpg,0.99410576
data/person/frame_1090.jpg,0.6571966
data/person/frame_0176.jpg,0.61996734
data/person/frame_0695.jpg,0.3523494
data/person/frame_0627.jpg,0.333938
data/person/frame_0066.jpg,0.7836235
data/person/frame_0636.jpg,0.6570852
data/person/frame_1039.jpg,0.6011802
data/person/frame_0774.jpg,0.99234974
data/person/frame_0185.jpg,0.9807757
data/person/frame_1011.jpg,0.5298553
data/person/frame_1160.jpg,0.52565885
data/person/frame_0258.jpg,0.0
data/person/frame_1184.jpg,0.65924907
data/person/frame_0589.jpg,0.5644804
data/person/frame_0657.jpg,0.52128583
data/person/frame_1340.jpg,0.37435848
data/person/frame_1036.jpg,0.6653875
data/person/frame_1191.jpg,0.8009583
data/person/frame_0306.jpg,0.0
data/person/frame_1123.jpg,0.52086854
data/person/frame_1055.jpg,0.66185623
data/person/frame_0964.jpg,0.4028146
data/person/frame_0414.jpg,0.33740744
data/person/frame_1298.jpg,0.7380632
data/person/frame_1291.jpg,0.7570276
data/person/frame_1306.jpg,0.83954436
data/person/frame_0823.jpg,0.9944562
data/person/frame_1018.jpg,0.5225965
data/person/frame_0687.jpg,0.957546
data/person/frame_1292.jpg,0.7508248
data/person/frame_0099.jpg,0.70383114
data/person/frame_1308.jpg,0.84709775
data/person/frame_0941.jpg,0.861009
data/person/frame_0615.jpg,0.7720079
data/person/frame_0527.jpg,0.61397105
data/person/frame_1144.jpg,0.55518985
data/person/frame_1193.jpg,0.70489717
data/person/frame_0353.jpg,0.32996652
data/person/frame_1319.jpg,0.7679696
data/person/frame_0968.jpg,0.46928972
data/person/frame_0402.jpg,0.4521427
data/person/frame_1311.jpg,0.82069683
data/person/frame_1128.jpg,0.45494157
data/person/frame_0620.jpg,0.67834365
data/person/frame_0755.jpg,0.85437405
data/person/frame_0600.jpg,0.6945534
data/person/frame_0669.jpg,0.82950974
data/person/frame_0521.jpg,0.7416198
data/person/frame_0362.jpg,0.39411062
data/person/frame_0631.jpg,0.3419968
data/person/frame_0826.jpg,0.9949266
data/person/frame_1243.jpg,0.8410164
data/person/frame_0833.jpg,0.99500406
data/person/frame_0407.jpg,0.36969286
data/person/frame_1139.jpg,0.46872973
data/person/frame_0129.jpg,0.59278923
data/person/frame_0979.jpg,0.5757242
data/person/frame_0981.jpg,0.571481
data/person/frame_0299.jpg,0.0
data/person/frame_0580.jpg,0.58240426
data/person/frame_0666.jpg,0.78338003
data/person/frame_0647.jpg,0.7499485
data/person/frame_0320.jpg,0.33152264
data/person/frame_0070.jpg,0.80620193
data/person/frame_0154.jpg,0.69634616
data/person/frame_0386.jpg,0.54320884
data/person/frame_0267.jpg,0.0
data/person/frame_1062.jpg,0.71475023
data/person/frame_1250.jpg,0.8140476
data/person/frame_0688.jpg,0.9508254
data/person/frame_0182.jpg,0.60352963
data/person/frame_0665.jpg,0.68911654
data/person/frame_0784.jpg,0.9943578
data/person/frame_1276.jpg,0.78017795
data/person/frame_0862.jpg,0.9244908
data/person/frame_1338.jpg,0.7410344
data/person/frame_1083.jpg,0.71437424
data/person/frame_0926.jpg,0.55918294
data/person/frame_1121.jpg,0.58701277
data/person/frame_1337.jpg,0.736598
data/person/frame_0846.jpg,0.995101
data/person/frame_1043.jpg,0.624198
data/person/frame_1165.jpg,0.4740482
data/person/frame_0123.jpg,0.5250291
data/person/frame_1009.jpg,0.5974364
data/person/frame_0621.jpg,0.5890792
data/person/frame_0617.jpg,0.7740725
data/person/frame_0423.jpg,0.34279394
data/person/frame_1089.jpg,0.70078593
data/person/frame_0404.jpg,0.39999261
data/person/frame_0286.jpg,0.0
data/person/frame_0851.jpg,0.840013
data/person/frame_0642.jpg,0.72318935
data/person/frame_1354.jpg,0.5852096
data/person/frame_1301.jpg,0.7510545
data/person/frame_0159.jpg,0.64829236
data/person/frame_0432.jpg,0.6232051
data/person/frame_1270.jpg,0.68635315
data/person/frame_0639.jpg,0.6961871
data/person/frame_0749.jpg,0.7719466
data/person/frame_1122.jpg,0.5560255
data/person/frame_0119.jpg,0.6252351
data/person/frame_0564.jpg,0.55557895
data/person/frame_0279.jpg,0.0
data/person/frame_0165.jpg,0.59016347
data/person/frame_1085.jpg,0.66408753
data/person/frame_1240.jpg,0.6730261
data/person/frame_1158.jpg,0.4819841
data/person/frame_1242.jpg,0.8244355
data/person/frame_0087.jpg,0.79158425
data/person/frame_0643.jpg,0.72992617
data/person/frame_1253.jpg,0.45960405
data/person/frame_1117.jpg,0.5406665
data/person/frame_0556.jpg,0.5635296
data/person/frame_0155.jpg,0.7061549
data/person/frame_0313.jpg,0.37874871
data/person/frame_0174.jpg,0.6599052
data/person/frame_0526.jpg,0.57311106
data/person/frame_0760.jpg,0.9497327
data/person/frame_1148.jpg,0.60618633
data/person/frame_0406.jpg,0.3932608
data/person/frame_0858.jpg,0.9309044
data/person/frame_0641.jpg,0.7132891
data/person/frame_1252.jpg,0.52137864
data/person/frame_0674.jpg,0.8411586
data/person/frame_0071.jpg,0.81168836
data/person/frame_0591.jpg,0.58460283
data/person/frame_0945.jpg,0.0
data/person/frame_0188.jpg,0.9674312
data/person/frame_1101.jpg,0.5122886
data/person/frame_0341.jpg,0.0
data/person/frame_1116.jpg,0.52861047
data/person/frame_0302.jpg,0.0
data/person/frame_0345.jpg,0.0
data/person/frame_1111.jpg,0.56607604
data/person/frame_1137.jpg,0.46749368
data/person/frame_0977.jpg,0.5312951
data/person/frame_0384.jpg,0.5399275
data/person/frame_0689.jpg,0.9307697
data/person/frame_1142.jpg,0.54911375
data/person/frame_0132.jpg,0.59523314
data/person/frame_0604.jpg,0.77110636
data/person/frame_0812.jpg,0.9951291
data/person/frame_1257.jpg,0.41609216
data/person/frame_0958.jpg,0.64328814
data/person/frame_0075.jpg,0.0
data/person/frame_0280.jpg,0.0
data/person/frame_0348.jpg,0.0
data/person/frame_0763.jpg,0.9826657
data/person/frame_0972.jpg,0.54044765
data/person/frame_1143.jpg,0.5441195
data/person/frame_0309.jpg,0.0
data/person/frame_0317.jpg,0.4013072
data/person/frame_0255.jpg,0.0
data/person/frame_1281.jpg,0.8450593
data/person/frame_1029.jpg,0.5925715
data/person/frame_0428.jpg,0.39818853
data/person/frame_0934.jpg,0.5384452
data/person/frame_1275.jpg,0.80409527
data/person/frame_0327.jpg,0.0
data/person/frame_0661.jpg,0.57704103
data/person/frame_0231.jpg,0.74141
data/person/frame_1195.jpg,0.0
data/person/frame_0346.jpg,0.0
data/person/frame_0806.jpg,0.9939579
data/person/frame_1183.jpg,0.62900394
data/person/frame_0686.jpg,0.953022
data/person/frame_1118.jpg,0.53256756
data/person/frame_1285.jpg,0.8453615
data/person/frame_0794.jpg,0.99425656
data/person/frame_1047.jpg,0.614105
data/person/frame_0158.jpg,0.68201596
data/person/frame_0271.jpg,0.0
data/person/frame_0626.jpg,0.344895
data/person/frame_0175.jpg,0.6617472
data/person/frame_0960.jpg,0.62854433
data/person/frame_1086.jpg,0.664605
data/person/frame_0111.jpg,0.5273424
data/person/frame_1356.jpg,0.4449314
data/person/frame_0069.jpg,0.8853378
data/person/frame_0994.jpg,0.58387977
data/person/frame_0936.jpg,0.5458296
data/person/frame_0788.jpg,0.9939669
data/person/frame_0791.jpg,0.9942186
data/person/frame_0181.jpg,0.0
data/person/frame_0635.jpg,0.33053285
data/person/frame_0192.jpg,0.5661607
data/person/frame_1323.jpg,0.86365014
data/person/frame_0954.jpg,0.64746404
data/person/frame_1141.jpg,0.5327721
data/person/frame_0328.jpg,0.0
data/person/frame_0844.jpg,0.99525607
data/person/frame_0110.jpg,0.53148514
data/person/frame_0367.jpg,0.5807618
data/person/frame_0599.jpg,0.6819049
data/person/frame_1014.jpg,0.55200064
data/person/frame_0616.jpg,0.77252156
data/person/frame_0976.jpg,0.4941852
data/person/frame_1303.jpg,0.76229715
data/person/frame_0105.jpg,0.70089364
data/person/frame_0598.jpg,0.6899219
data/person/frame_0332.jpg,0.0
data/person/frame_0179.jpg,0.47666383
data/person/frame_0088.jpg,0.81607866
data/person/frame_1002.jpg,0.5123307
data/person/frame_1084.jpg,0.6961327
data/person/frame_0660.jpg,0.57509387
data/person/frame_0555.jpg,0.5562391
data/person/frame_0307.jpg,0.0
data/person/frame_0667.jpg,0.7697072
data/person/frame_1260.jpg,0.6700251
data/person/frame_1023.jpg,0.5333078
data/person/frame_0377.jpg,0.62999207
data/person/frame_0116.jpg,0.5421474
data/person/frame_0830.jpg,0.99509525
data/person/frame_0251.jpg,0.53784233
data/person/frame_0288.jpg,0.0
data/person/frame_0677.jpg,0.77116036
data/person/frame_0297.jpg,0.0
data/person/frame_0096.jpg,0.72238934
data/person/frame_0946.jpg,0.0
data/person/frame_0273.jpg,0.0
data/person/frame_0840.jpg,0.99540734
data/person/frame_0166.jpg,0.6133618
data/person/frame_0080.jpg,0.6730421
data/person/frame_0106.jpg,0.6789522
data/person/frame_0999.jpg,0.5906413
data/person/frame_1169.jpg,0.46626255
data/person/frame_0531.jpg,0.5186999
data/person/frame_1102.jpg,0.5092905
data/person/frame_0163.jpg,0.6415808
data/person/frame_0650.jpg,0.7628894
data/person/frame_1254.jpg,0.49055934
data/person/frame_0180.jpg,0.38285786
data/person/frame_0422.jpg,0.34296194
data/person/frame_1262.jpg,0.5268409
data/person/frame_0671.jpg,0.86474323
data/person/frame_0767.jpg,0.9952611
data/person/frame_0420.jpg,0.33206964
data/person/frame_0637.jpg,0.7065133
data/person/frame_0560.jpg,0.5688655
data/person/frame_0864.jpg,0.42010874
data/person/frame_1045.jpg,0.62330663
data/person/frame_1302.jpg,0.7231563
data/person/frame_0762.jpg,0.9787523
data/person/frame_1330.jpg,0.8324554
data/person/frame_1147.jpg,0.5795817
data/person/frame_0608.jpg,0.7987399
data/person/frame_1190.jpg,0.7832521
data/person/frame_0260.jpg,0.0
data/person/frame_1334.jpg,0.78304917
data/person/frame_0752.jpg,0.86676455
data/person/frame_0167.jpg,0.6037847
data/person/frame_0295.jpg,0.0
data/person/frame_0570.jpg,0.5208773
data/person/frame_1343.jpg,0.65739655
data/person/frame_0663.jpg,0.59553516
data/person/frame_0242.jpg,0.41213018
data/person/frame_1003.jpg,0.5000454
data/person/frame_0675.jpg,0.8177886
data/person/frame_0321.jpg,0.30730727
data/person/frame_0547.jpg,0.57620525
data/person/frame_0084.jpg,0.7749992
data/person/frame_1064.jpg,0.6856611
data/person/frame_0093.jpg,0.66132605
data/person/frame_0139.jpg,0.59641707
data/person/frame_0232.jpg,0.8073362
data/person/frame_1105.jpg,0.48867348
data/person/frame_0265.jpg,0.0
data/person/frame_0315.jpg,0.38648528
data/person/frame_0575.jpg,0.51457846
data/person/frame_1280.jpg,0.8529792
data/person/frame_0562.jpg,0.57178473
data/person/frame_0358.jpg,0.3248883
data/person/frame_1079.jpg,0.695452
data/person/frame_0400.jpg,0.4488686
data/person/frame_0786.jpg,0.9943778
data/person/frame_0194.jpg,0.46877193
data/person/frame_1115.jpg,0.53200895
data/person/frame_1136.jpg,0.46185762
data/person/frame_0385.jpg,0.5353862
data/person/frame_0077.jpg,0.8548491
data/person/frame_1180.jpg,0.7552019
data/person/frame_0827.jpg,0.99480456
data/person/frame_1001.jpg,0.5249713
data/person/frame_1333.jpg,0.8059399
data/person/frame_1058.jpg,0.6594745
data/person/frame_1188.jpg,0.6757374
data/person/frame_0323.jpg,0.0
data/person/frame_0822.jpg,0.9950776
data/person/frame_0561.jpg,0.5630915
data/person/frame_1051.jpg,0.66705596
data/person/frame_0365.jpg,0.4996712
data/person/frame_0244.jpg,0.5036794
data/person/frame_0375.jpg,0.5903502
data/person/frame_0551.jpg,0.53635025
data/person/frame_0843.jpg,0.9952334
data/person/frame_1176.jpg,0.47850624
data/person/frame_1031.jpg,0.657714
data/person/frame_0673.jpg,0.84501886
data/person/frame_0252.jpg,0.47022232
data/person/frame_1013.jpg,0.53760636
data/person/frame_0094.jpg,0.71769816
data/person/frame_0644.jpg,0.7435286
data/person/frame_0772.jpg,0.9930837
data/person/frame_1040.jpg,0.63653624
data/person/frame_0339.jpg,0.0
data/person/frame_0528.jpg,0.5330944
data/person/frame_1005.jpg,0.48284218
data/person/frame_0187.jpg,0.95674425
data/person/frame_0759.jpg,0.92464244
data/person/frame_0168.jpg,0.6270373
data/person/frame_0169.jpg,0.61375564
data/person/frame_0586.jpg,0.58408695
data/person/frame_0623.jpg,0.35334706
data/person/frame_0590.jpg,0.60985774
data/person/frame_1271.jpg,0.6853112
data/person/frame_0380.jpg,0.5449506
data/person/frame_0538.jpg,0.43874338
data/person/frame_0355.jpg,0.3412096
data/person/frame_0379.jpg,0.51424253
data/person/frame_0389.jpg,0.50817364
data/person/frame_0338.jpg,0.0
data/person/frame_0318.jpg,0.35575086
data/person/frame_1282.jpg,0.85376906
data/person/frame_0790.jpg,0.99432355
data/person/frame_0183.jpg,0.8817612
data/person/frame_0072.jpg,0.7462326
data/person/frame_0131.jpg,0.58127964
data/person/frame_0336.jpg,0.0
data/person/frame_0534.jpg,0.49028015
data/person/frame_1251.jpg,0.7507702
data/person/frame_1021.jpg,0.5183759
data/person/frame_0156.jpg,0.70997113
data/person/frame_1094.jpg,0.5707461
data/person/frame_0330.jpg,0.0
data/person/frame_0275.jpg,0.0
data/person/frame_0929.jpg,0.8116727
data/person/frame_0425.jpg,0.39848432
data/person/frame_0944.jpg,0.4165076
data/person/frame_0554.jpg,0.5861931
data/person/frame_0189.jpg,0.9750353
data/person/frame_0408.jpg,0.34892127
data/person/frame_1016.jpg,0.5468766
data/person/frame_0125.jpg,0.517558
data/person/frame_1317.jpg,0.7619828
data/person/frame_1078.jpg,0.66522527
data/person/frame_0962.jpg,0.5262873
data/person/frame_0439.jpg,0.88891333
data/person/frame_0966.jpg,0.40920043
data/person/frame_0645.jpg,0.7549804
data/person/frame_0987.jpg,0.66004956
data/person/frame_0383.jpg,0.5223568
data/person/frame_0841.jpg,0.9953431
data/person/frame_0512.jpg,0.9322707
data/person/frame_1293.jpg,0.70337
data/person/frame_0540.jpg,0.32328737
data/person/frame_0126.jpg,0.529749
data/person/frame_0751.jpg,0.8118752
data/person/frame_0164.jpg,0.6285508
data/person/frame_0948.jpg,0.0
data/person/frame_0387.jpg,0.5145819
data/person/frame_1357.jpg,0.4716908
data/person/frame_0373.jpg,0.52677023
data/person/frame_0378.jpg,0.5832901
data/person/frame_1138.jpg,0.47420597
data/person/frame_0569.jpg,0.49012095
data/person/frame_0942.jpg,0.8748255
data/person/frame_1126.jpg,0.4862069
data/person/frame_0943.jpg,0.6759588
data/person/frame_0525.jpg,0.54111433
data/person/frame_0535.jpg,0.49194798
data/person/frame_0597.jpg,0.7209557
data/person/frame_0335.jpg,0.0
data/person/frame_1072.jpg,0.7083084
data/person/frame_0113.jpg,0.4915484
data/person/frame_0100.jpg,0.6881109
data/person/frame_1162.jpg,0.48494104
data/person/frame_1305.jpg,0.78728366
data/person/frame_1000.jpg,0.5553957
data/person/frame_0578.jpg,0.54899335
data/person/frame_0648.jpg,0.7698948
data/person/frame_0925.jpg,0.6400938
data/person/frame_0799.jpg,0.99360585
data/person/frame_0651.jpg,0.37456852
data/person/frame_0757.jpg,0.8805268
data/person/frame_1352.jpg,0.85133207
data/person/frame_1152.jpg,0.5903367
data/person/frame_1048.jpg,0.6429316
data/person/frame_0240.jpg,0.92422616
data/person/frame_0331.jpg,0.0
data/person/frame_1075.jpg,0.6725749
data/person/frame_0764.jpg,0.98948616
data/person/frame_0587.jpg,0.5868503
data/person/frame_0424.jpg,0.37794054
data/person/frame_1339.jpg,0.4840436
data/person/frame_1277.jpg,0.7998509
data/person/frame_1124.jpg,0.5199722
data/person/frame_1054.jpg,0.6778449
data/person/frame_1294.jpg,0.75810707
data/person/frame_0750.jpg,0.8509404
data/person/frame_0816.jpg,0.99540925
data/person/frame_0337.jpg,0.0
data/person/frame_0098.jpg,0.70265007
data/person/frame_0311.jpg,0.0
data/person/frame_1103.jpg,0.49314114
data/person/frame_0756.jpg,0.82252645
data/person/frame_0363.jpg,0.38910228
data/person/frame_1182.jpg,0.9426314
data/person/frame_0611.jpg,0.8163464
data/person/frame_0300.jpg,0.0
data/person/frame_0690.jpg,0.90608335
data/person/frame_0684.jpg,0.0
data/person/frame_1238.jpg,0.74607795
data/person/frame_1155.jpg,0.50887996
data/person/frame_0595.jpg,0.6856107
data/person/frame_0993.jpg,0.59487206
data/person/frame_0388.jpg,0.5127005
data/person/frame_0287.jpg,0.0
data/person/frame_1284.jpg,0.8599256
data/person/frame_0787.jpg,0.9936538
data/person/frame_0985.jpg,0.67357886
data/person/frame_0394.jpg,0.5717391
data/person/frame_0986.jpg,0.65451115
data/person/frame_0606.jpg,0.7858323
data/person/frame_0349.jpg,0.0
data/person/frame_0293.jpg,0.0
data/person/frame_0149.jpg,0.6164561
data/person/frame_1189.jpg,0.5626351
data/person/frame_0818.jpg,0.9953398
data/person/frame_1278.jpg,0.8258625
data/person/frame_0234.jpg,0.8396675
data/person/frame_1073.jpg,0.72080946
data/person/frame_0973.jpg,0.5433189
data/person/frame_1024.jpg,0.57282776
data/person/frame_0063.jpg,0.58010495
data/person/frame_0364.jpg,0.37301436
data/person/frame_1130.jpg,0.49327996
data/person/frame_0614.jpg,0.80385363
data/person/frame_1154.jpg,0.5010431
data/person/frame_0594.jpg,0.5390604
data/person/frame_0796.jpg,0.99391234
data/person/frame_0322.jpg,0.0
data/person/frame_0516.jpg,0.0
data/person/frame_0177.jpg,0.64660907
data/person/frame_0765.jpg,0.99238384
data/person/frame_0440.jpg,0.8839768
data/person/frame_0308.jpg,0.0
data/person/frame_1129.jpg,0.44767475
data/person/frame_0947.jpg,0.0
data/person/frame_1186.jpg,0.910873
data/person/frame_1120.jpg,0.6149133
data/person/frame_0939.jpg,0.7651061
data/person/frame_0758.jpg,0.90396
data/person/frame_0802.jpg,0.99415624
data/person/frame_1149.jpg,0.5801141
data/person/frame_1042.jpg,0.62553006
data/person/frame_1310.jpg,0.82617474
data/person/frame_0514.jpg,0.67104554
data/person/frame_0785.jpg,0.9940227
data/person/frame_0329.jpg,0.0
data/person/frame_0268.jpg,0.0
data/person/frame_0314.jpg,0.3801022
data/person/frame_0989.jpg,0.65176547
data/person/frame_0780.jpg,0.99385923
data/person/frame_0937.jpg,0.5828857
data/person/frame_0173.jpg,0.6217921
data/person/frame_1063.jpg,0.7089786
data/person/frame_0978.jpg,0.5666593
data/person/frame_1261.jpg,0.6045231
data/person/frame_0612.jpg,0.8328536
data/person/frame_0283.jpg,0.0
data/person/frame_0935.jpg,0.5865201
data/person/frame_0955.jpg,0.6366981
data/person/frame_0795.jpg,0.9935533
data/person/frame_0961.jpg,0.5433609
data/person/frame_0839.jpg,0.9950641
data/person/frame_0507.jpg,0.6781908
data/person/frame_0552.jpg,0.5174496
data/person/frame_0078.jpg,0.887488
data/person/frame_0582.jpg,0.58835244
data/person/frame_0602.jpg,0.69161916
data/person/frame_0819.jpg,0.9950689
data/person/frame_0659.jpg,0.5586286
data/person/frame_0393.jpg,0.56318057
data/person/frame_0838.jpg,0.9951327
data/person/frame_0859.jpg,0.9255645
data/person/frame_1156.jpg,0.50760025
data/person/frame_1320.jpg,0.8182247
data/person/frame_0262.jpg,0.0
data/person/frame_0395.jpg,0.54047585
data/person/frame_0633.jpg,0.33755726
data/person/frame_0520.jpg,0.6063582
data/person/frame_0583.jpg,0.5662832
data/person/frame_0588.jpg,0.61497533
data/person/frame_0629.jpg,0.31478053
data/person/frame_0082.jpg,0.72860897
data/person/frame_1046.jpg,0.64089197
data/person/frame_1020.jpg,0.5162376
data/person/frame_0274.jpg,0.0
data/person/frame_0399.jpg,0.4267775
data/person/frame_0815.jpg,0.9954207
data/person/frame_0376.jpg,0.5852653
data/person/frame_1324.jpg,0.8628214
data/person/frame_1163.jpg,0.5048303
data/person/frame_1069.jpg,0.69867146
data/person/frame_1097.jpg,0.5275932
data/person/frame_1289.jpg,0.8118993
data/person/frame_0390.jpg,0.5507419
data/person/frame_0805.jpg,0.9939327
data/person/frame_0136.jpg,0.5783585
data/person/frame_1044.jpg,0.6346442
data/person/frame_0544.jpg,0.6510445
data/person/frame_0148.jpg,0.604693
data/person/frame_0352.jpg,0.0
data/person/frame_0091.jpg,0.67192024
data/person/frame_0563.jpg,0.5809933
data/person/frame_0967.jpg,0.4391644
data/person/frame_1033.jpg,0.64848566
data/person/frame_1309.jpg,0.8368105
data/person/frame_1070.jpg,0.71329564
data/person/frame_1185.jpg,0.8621886
data/person/frame_0821.jpg,0.9949548
data/person/frame_0278.jpg,0.30094886
data/person/frame_0951.jpg,0.55218124
data/person/frame_0178.jpg,0.62226975
data/person/frame_0798.jpg,0.9940501
data/person/frame_0435.jpg,0.94242525
data/person/frame_0515.jpg,0.37244588
data/person/frame_0064.jpg,0.548972
data/person/frame_0836.jpg,0.995105
data/person/frame_0530.jpg,0.50333434
data/person/frame_0545.jpg,0.57591134
data/person/frame_1295.jpg,0.74769557
data/person/frame_1004.jpg,0.517698
data/person/frame_0301.jpg,0.0
data/person/frame_1071.jpg,0.7176176
data/person/frame_1349.jpg,0.82071066
data/person/frame_0238.jpg,0.9389533
data/person/frame_0624.jpg,0.41084716
data/person/frame_0927.jpg,0.76374865
data/person/frame_0655.jpg,0.6448401
data/person/frame_1133.jpg,0.46430382
data/person/frame_1192.jpg,0.7096127
data/person/frame_0249.jpg,0.8862238
data/person/frame_1027.jpg,0.56030375
data/person/frame_0549.jpg,0.6182675
data/person/frame_0247.jpg,0.5210259
data/person/frame_0664.jpg,0.5600506
data/person/frame_0256.jpg,0.0
data/person/frame_0350.jpg,0.0
data/person/frame_1025.jpg,0.5574379
data/person/frame_0289.jpg,0.0
data/person/frame_1315.jpg,0.785766
data/person/frame_0682.jpg,0.53174037
data/person/frame_0997.jpg,0.5876709
data/person/frame_0662.jpg,0.57998115
data/person/frame_0281.jpg,0.0
data/person/frame_0140.jpg,0.665089
data/person/frame_0333.jpg,0.0
data/person/frame_1140.jpg,0.5263957
data/person/frame_0681.jpg,0.50294703
data/person/frame_0852.jpg,0.96189046
data/person/frame_0137.jpg,0.59675854
data/person/frame_1049.jpg,0.65254295
data/person/frame_0693.jpg,0.78081274
data/person/frame_0342.jpg,0.0
data/person/frame_1181.jpg,0.91889656
data/person/frame_0789.jpg,0.99404585
data/person/frame_1038.jpg,0.6112757
data/person/frame_0291.jpg,0.0
data/person/frame_0523.jpg,0.63130915
data/person/frame_1341.jpg,0.45105663
data/person/frame_1267.jpg,0.6732104
data/person/frame_1327.jpg,0.83481026
data/person/frame_0761.jpg,0.9594579
data/person/frame_0857.jpg,0.97147095
data/person/frame_1153.jpg,0.54079115
data/person/frame_0676.jpg,0.8282565
data/person/frame_0952.jpg,0.45487937
data/person/frame_1028.jpg,0.5858658
data/person/frame_0808.jpg,0.99420846
data/person/frame_0135.jpg,0.5824457
data/person/frame_0133.jpg,0.59263164
data/person/frame_1248.jpg,0.8962308
data/person/frame_0828.jpg,0.9946842
data/person/frame_1007.jpg,0.53580344
data/person/frame_0257.jpg,0.0
data/person/frame_0438.jpg,0.97350323
data/person/frame_0310.jpg,0.0
data/person/frame_1059.jpg,0.6545591
data/person/frame_0263.jpg,0.0
data/person/frame_0259.jpg,0.0
data/person/frame_0121.jpg,0.5297683
data/person/frame_1329.jpg,0.83378047
data/person/frame_1022.jpg,0.5304536
data/person/frame_0510.jpg,0.8077663
data/person/frame_1119.jpg,0.52929646
data/person/frame_1274.jpg,0.80268407
data/person/frame_1010.jpg,0.54952496
data/person/frame_1263.jpg,0.5305094
data/person/frame_1035.jpg,0.6711592
data/person/frame_0850.jpg,0.40937364
data/person/frame_0658.jpg,0.53296936
data/person/frame_1316.jpg,0.7703761
data/person/frame_0550.jpg,0.5191561
data/person/frame_1335.jpg,0.77422345
data/person/frame_0971.jpg,0.497213
data/person/frame_0692.jpg,0.8479556
data/person/frame_0581.jpg,0.5899152
data/person/frame_1056.jpg,0.6361947
data/person/frame_1076.jpg,0.67613274
data/person/frame_0991.jpg,0.66026556
data/person/frame_0605.jpg,0.7711389
data/person/frame_0513.jpg,0.8571464
data/person/frame_0847.jpg,0.9890735
data/person/frame_1030.jpg,0.63277733
data/person/frame_0442.jpg,0.84164995
data/person/frame_0656.jpg,0.62460166
data/person/frame_0522.jpg,0.70304173
data/person/frame_0813.jpg,0.9951862
data/person/frame_1151.jpg,0.6084079
data/person/frame_0436.jpg,0.9822124
data/person/frame_0801.jpg,0.9937681
data/person/frame_0646.jpg,0.74161285
data/person/frame_0413.jpg,0.3528941
data/person/frame_0114.jpg,0.5056731
data/person/frame_0191.jpg,0.31565064
data/person/frame_0409.jpg,0.36714762
data/person/frame_0634.jpg,0.36797598
data/person/frame_0186.jpg,0.9595791
data/person/frame_0419.jpg,0.36471057
data/person/frame_0344.jpg,0.0
data/person/frame_1290.jpg,0.7898178
data/person/frame_1288.jpg,0.82732534
data/person/frame_0855.jpg,0.9658147
data/person/frame_0865.jpg,0.3170643
data/person/frame_0334.jpg,0.0
data/person/frame_0842.jpg,0.9954208
data/person/frame_1015.jpg,0.55346614
data/person/frame_0415.jpg,0.35529214
data/person/frame_1256.jpg,0.47749162
data/person/frame_0434.jpg,0.78137875
data/person/frame_0683.jpg,0.40884984
data/person/frame_1068.jpg,0.69577104
data/person/frame_0360.jpg,0.33291537
data/person/frame_0832.jpg,0.9950232
data/person/frame_1167.jpg,0.4825655
data/person/frame_1344.jpg,0.9142384
data/person/frame_0443.jpg,0.762264
data/person/frame_0577.jpg,0.56474805
data/person/frame_0996.jpg,0.59482783
data/person/frame_0652.jpg,0.36557513
data/person/frame_0147.jpg,0.5969173
data/person/frame_1112.jpg,0.55052936
data/person/frame_0073.jpg,0.0
data/person/frame_0250.jpg,0.7541323
data/person/frame_0141.jpg,0.6553339
data/person/frame_0542.jpg,0.6536106
data/person/frame_0398.jpg,0.4489959
data/person/frame_1279.jpg,0.8274145
data/person/frame_0548.jpg,0.6004113
data/person/frame_1342.jpg,0.32079083
data/person/frame_0511.jpg,0.8748433
data/person/frame_0607.jpg,0.7947951
data/person/frame_0983.jpg,0.5822837
data/person/frame_1106.jpg,0.47185215
data/person/frame_0157.jpg,0.7030008
data/person/frame_0374.jpg,0.5552905
data/person/frame_1019.jpg,0.5171209
data/person/frame_0441.jpg,0.9293878
data/person/frame_0553.jpg,0.55778176
data/person/frame_0433.jpg,0.56185365
data/person/frame_1093.jpg,0.578193
data/person/frame_0672.jpg,0.84733915
data/person/frame_0416.jpg,0.3550354
data/person/frame_0430.jpg,0.31734258
data/person/frame_1272.jpg,0.7044419
data/person/frame_0965.jpg,0.3776689
data/person/frame_0245.jpg,0.0
data/person/frame_0170.jpg,0.6461219
data/person/frame_1132.jpg,0.47959954
data/person/frame_0618.jpg,0.7693912
data/person/frame_0685.jpg,0.6941068
data/person/frame_0254.jpg,0.3811616
data/person/frame_1286.jpg,0.84788936
data/person/frame_1177.jpg,0.45828366
data/person/frame_0130.jpg,0.5786272
data/person/frame_0235.jpg,0.9029895
data/person/frame_1098.jpg,0.4958425
data/person/frame_1082.jpg,0.7065083
data/person/frame_0557.jpg,0.57607377
data/person/frame_1157.jpg,0.46639997
data/person/frame_0998.jpg,0.5612729
data/person/frame_0680.jpg,0.44797543
data/person/frame_0638.jpg,0.7241958
data/person/frame_0529.jpg,0.5971042
data/person/frame_0773.jpg,0.99164194
data/person/frame_1017.jpg,0.5438877
data/person/frame_1074.jpg,0.6851532
data/person/frame_1172.jpg,0.51700085
data/person/frame_0079.jpg,0.8709724
data/person/frame_1300.jpg,0.7506752
data/person/frame_0537.jpg,0.43916088
data/person/frame_1012.jpg,0.56105065
data/person/frame_0243.jpg,0.48557335
data/person/frame_0143.jpg,0.64551556
data/person/frame_0625.jpg,0.33833417
data/person/frame_0272.jpg,0.0
data/person/frame_0270.jpg,0.0
data/person/frame_1328.jpg,0.83536536
data/person/frame_1095.jpg,0.55222374
data/person/frame_0292.jpg,0.0
data/person/frame_0793.jpg,0.99415267
data/person/frame_1099.jpg,0.49171892
data/person/frame_1161.jpg,0.53429896
data/person/frame_0975.jpg,0.5296618
data/person/frame_0853.jpg,0.9681575
data/person/frame_0574.jpg,0.54481655
data/person/frame_0747.jpg,0.6552975
data/person/frame_0304.jpg,0.0
data/person/frame_1283.jpg,0.8643173
data/person/frame_1061.jpg,0.732552
data/person/frame_0427.jpg,0.45950404
data/person/frame_0679.jpg,0.6432508
data/person/frame_0536.jpg,0.49436116
data/person/frame_0325.jpg,0.0
data/person/frame_1239.jpg,0.81238407
data/person/frame_0654.jpg,0.61359024
data/person/frame_0809.jpg,0.9943353
data/person/frame_0509.jpg,0.7762592
data/person/frame_0162.jpg,0.6178012
data/person/frame_0539.jpg,0.40284288
data/person/frame_0150.jpg,0.6259797
data/person/frame_1318.jpg,0.7661079
data/person/frame_0081.jpg,0.58424854
data/person/frame_0142.jpg,0.65415853
data/person/frame_0128.jpg,0.5856745
data/person/frame_1299.jpg,0.73658675
data/person/frame_1096.jpg,0.52297395
data/person/frame_0980.jpg,0.6176682
data/person/frame_1259.jpg,0.46738708
data/person/frame_1034.jpg,0.675002
data/person/frame_0610.jpg,0.8167479
data/person/frame_0992.jpg,0.6542724
data/person/frame_1088.jpg,0.68788004
data/person/frame_1125.jpg,0.50240093
data/person/frame_0237.jpg,0.8815558
data/person/frame_0628.jpg,0.32762763
data/person/frame_0930.jpg,0.63140786
data/person/frame_0161.jpg,0.63222516
data/person/frame_1107.jpg,0.4326389
data/person/frame_0956.jpg,0.64293826
data/person/frame_0230.jpg,0.77182925
data/person/frame_1347.jpg,0.91390795
data/person/frame_0800.jpg,0.9940207
data/person/frame_0357.jpg,0.32732695
data/person/frame_1066.jpg,0.7252239
data/person/frame_0326.jpg,0.0
data/person/frame_1145.jpg,0.56698394
data/person/frame_1336.jpg,0.7626739
data/person/frame_0076.jpg,0.60843843
data/person/frame_0769.jpg,0.9940535
data/person/frame_0932.jpg,0.56962544
data/person/frame_1241.jpg,0.74973154
data/person/frame_0609.jpg,0.8169507
data/person/frame_0814.jpg,0.9957304
data/person/frame_0613.jpg,0.8247062
data/person/frame_1087.jpg,0.6913844
data/person/frame_1168.jpg,0.47034615
data/person/frame_0391.jpg,0.5632409
data/person/frame_0122.jpg,0.56028205
data/person/frame_0085.jpg,0.7100866
data/person/frame_0108.jpg,0.65515476
data/person/frame_0959.jpg,0.62114567
data/person/frame_0253.jpg,0.41037217
data/person/frame_0109.jpg,0.63339984
data/person/frame_0938.jpg,0.5566113
data/person/frame_0584.jpg,0.56166136
data/person/frame_1249.jpg,0.8996631
data/person/frame_0067.jpg,0.83467734
data/person/frame_0933.jpg,0.5526653
data/person/frame_1104.jpg,0.50257504
data/person/frame_0261.jpg,0.0
data/person/frame_0845.jpg,0.9953512
data/person/frame_0771.jpg,0.9927153
data/person/frame_0863.jpg,0.83902156
data/person/frame_1067.jpg,0.6994451
data/person/frame_0354.jpg,0.32881778
data/person/frame_0783.jpg,0.9939569
data/person/frame_1287.jpg,0.84417945
data/person/frame_0418.jpg,0.36629793
data/person/frame_1346.jpg,0.9502544
data/person/frame_1050.jpg,0.6733867
data/person/frame_1065.jpg,0.7097491
data/person/frame_0969.jpg,0.47424674
data/person/frame_0949.jpg,0.3232171
data/person/frame_0266.jpg,0.0
data/person/frame_0103.jpg,0.71042144
data/person/frame_0848.jpg,0.95346785
data/person/frame_0410.jpg,0.3689835
data/person/frame_1164.jpg,0.505441
data/person/frame_1110.jpg,0.55345625
data/person/frame_1170.jpg,0.51939386
data/person/frame_1266.jpg,0.6358613
data/person/frame_0134.jpg,0.5602333
data/person/frame_0236.jpg,0.8601314
data/person/frame_1173.jpg,0.5116637
data/person/frame_1264.jpg,0.62312293
data/person/frame_0127.jpg,0.551592
data/person/frame_0343.jpg,0.0
data/person/frame_1127.jpg,0.46832407
data/person/frame_0248.jpg,0.68085116
data/person/frame_0849.jpg,0.7090026
data/person/frame_0778.jpg,0.993226
data/person/frame_0559.jpg,0.6114541
data/person/frame_0990.jpg,0.6900131
data/person/frame_0421.jpg,0.33500662
data/person/frame_1081.jpg,0.69620544
data/person/frame_0359.jpg,0.33070332
data/person/frame_1247.jpg,0.91514754
data/person/frame_1060.jpg,0.7571907
data/person/frame_0241.jpg,0.8398298
data/person/frame_0316.jpg,0.4011268
data/person/frame_0324.jpg,0.0
data/person/frame_1057.jpg,0.66590154
data/person/frame_0565.jpg,0.5400738
data/person/frame_1114.jpg,0.5358254
data/person/frame_0592.jpg,0.53427994
data/person/frame_1258.jpg,0.39883244
data/person/frame_0146.jpg,0.63729537
data/person/frame_0811.jpg,0.9948957
data/person/frame_0431.jpg,0.33250806
data/person/frame_0368.jpg,0.61387897
data/person/frame_0396.jpg,0.5234104
data/person/frame_1146.jpg,0.57319325
data/person/frame_1322.jpg,0.8597425
data/person/frame_0776.jpg,0.9926415
data/person/frame_0837.jpg,0.9952022
data/person/frame_0988.jpg,0.66256356
data/person/frame_0856.jpg,0.9809027
data/person/frame_1131.jpg,0.49614722
data/person/frame_0622.jpg,0.4102999
data/person/frame_0518.jpg,0.0
data/person/frame_0117.jpg,0.5724449
data/person/frame_0603.jpg,0.77999973
data/person/frame_0797.jpg,0.9939748
data/person/frame_1080.jpg,0.72809494
data/person/frame_0533.jpg,0.50342506
data/person/frame_1109.jpg,0.43641955
data/person/frame_0144.jpg,0.63706815
data/person/frame_0517.jpg,0.0
data/person/frame_0361.jpg,0.37937018
data/person/frame_0319.jpg,0.3403595
data/person/frame_1331.jpg,0.8434734
data/person/frame_1187.jpg,0.88220227
data/person/frame_0195.jpg,0.0
data/person/frame_0276.jpg,0.0
data/person/frame_0303.jpg,0.0
data/person/frame_0519.jpg,0.33766922
data/person/frame_1313.jpg,0.80558956
data/person/frame_1307.jpg,0.84320784
data/person/frame_0649.jpg,0.7959544
data/person/frame_0371.jpg,0.53104836
data/person/frame_0754.jpg,0.864879
data/person/frame_0290.jpg,0.0
data/person/frame_0172.jpg,0.6344619
data/person/frame_1237.jpg,0.59607863
data/person/frame_1273.jpg,0.71272385
data/person/frame_0089.jpg,0.7929745
data/person/frame_1244.jpg,0.8559791
data/person/frame_0277.jpg,0.32644284
data/person/frame_0653.jpg,0.463696
data/person/frame_0411.jpg,0.36814865
data/person/frame_0120.jpg,0.52769226
data/person/frame_0803.jpg,0.99438965
data/person/frame_0074.jpg,0.6048841
data/person/frame_0153.jpg,0.6837922
data/person/frame_0792.jpg,0.99450386
data/person/frame_1350.jpg,0.9328475
data/person/frame_1053.jpg,0.66650546
data/person/frame_0401.jpg,0.45085326
data/person/frame_0694.jpg,0.7784033
data/person/frame_0532.jpg,0.52532357
data/person/frame_0630.jpg,0.3368725
data/person/frame_1091.jpg,0.5948845
data/person/frame_0567.jpg,0.49405485
data/person/frame_1196.jpg,0.0
data/person/frame_0810.jpg,0.99494195
data/person/frame_0585.jpg,0.5617602
data/person/frame_1166.jpg,0.4717251
data/person/frame_0940.jpg,0.9019083
data/person/frame_0601.jpg,0.70952094
data/person/frame_0860.jpg,0.9889849
data/person/frame_0541.jpg,0.42218238
data/person/frame_0184.jpg,0.9536098
data/person/frame_0779.jpg,0.9916284
data/person/frame_0753.jpg,0.8668527
data/person/frame_1326.jpg,0.83374333
data/person/frame_0312.jpg,0.33588308
data/person/frame_0931.jpg,0.7037939
data/person/frame_0768.jpg,0.9954475
data/person/frame_0152.jpg,0.67455006
data/person/frame_0982.jpg,0.5585519
data/person/frame_1268.jpg,0.67492497
data/person/frame_0928.jpg,0.7698331
data/person/frame_0118.jpg,0.57891726
